ID;firstName;lastName;userName;email
e596869d-f4c6-4ca6-a5a1-2d03abccaf87;Homer;Simpson;hom;hom@notreal.com
a7f01bb1-4d1a-47bc-bb15-5f6e34fbf26b;Courtney;Doe;cod;cod@notreal.com
d6ba9b0c-f924-40df-98e6-b7739e034ca2;Max;Power;map;map@notreal.com
da650daf-27bd-454f-96e7-6ccc47e03eee;Christina;Johnson;cjo;cjo@notreal.com
d6af036e-e413-41ee-8d3e-35166e7e72f6;Edgar;Poe;epo;epo@notreal.com
0d09c27b-f0bf-4914-bb10-4814842c6f71;Howard;Lovecraft;hlo;hlo@notreal.com
242019e0-d8c5-42e1-a1cf-ff2e3658d76c;Corey;Mason;cma;cma@notreal.com
a1e5aca1-4472-4126-86e4-bf85af144052;Ayn;Rand;ara;ara@notreal.com
352fa445-7169-4304-a941-17768d194735;Shirley;Jackson;sja;sja@notreal.com
22a1a7d7-e317-4ad9-97b7-f86453c7f261;Frank;Herbert;fhe;fhe@notreal.com
